ou_loc_ref,ou_loc_descr,care_level_type_ref,facility_ref,facility_descr
HAH,HAH SALA HOSP. DOMICILIARIA,HAH,300004,DOMICILIÀRIA
HAH3,HAH3 HOSPITALIZACIÓN DOMICILIARIA 3,HAH,300004,DOMICILIÀRIA
HAH4,HAH4 HOSPITALIZACIÓN DOMICILIARIA 4,HAH,300004,DOMICILIÀRIA
HAH5,HAH5 HOSPITALIZACIÓN DOMICILIARIA 5,HAH,300004,DOMICILIÀRIA
HDOP,HAH PERSONAL HCB,HAH,300004,DOMICILIÀRIA
HDOP2,HAH 2 PERSONAL HCB,HAH,300004,DOMICILIÀRIA
HDOP3,HAH 3 PERSONAL HCB,HAH,300004,DOMICILIÀRIA
HDOP4,HAH 4 PERSONAL HCB,HAH,300004,DOMICILIÀRIA
HDOP5,HAH 5 PERSONAL HCB,HAH,300004,DOMICILIÀRIA
HDSM,HDSM HOSPITALIZACIÓN DOMICILIARIA PSIQUIATRÍA,HAH,300004,DOMICILIÀRIA
HDSMJ,HDSMJ HOSPITALIZACIÓN DOMICILIARIA PSIQUIATRÍA INFANTOJUVENIL,HAH,300004,DOMICILIÀRIA
ELE1,SE NEONAT.MAT.UCI  ELE1,ICU,300003,MATERNITAT
ELE2,SE NEONAT.MAT.UCI  ELE2,ICU,300003,MATERNITAT
GEL2,GEL2 SALA G OBSTETRICIA MATERNITAT,WARD,300003,MATERNITAT
GEL3,GEL3 SALA G OBSTETRICIA MATERNITAT,WARD,300003,MATERNITAT
GLE1,GLE1 SALA NEONATOLOGÍA  MATERNITAT,WARD,300003,MATERNITAT
GLE2,GLE2 SALA NEONATOLOGÍA MATERNITAT,WARD,300003,MATERNITAT
GLL2,S. G OBST. MATER.  GLL2,WARD,300003,MATERNITAT
GPO3,GPO3 GESTANTES COVID,WARD,300003,MATERNITAT
ILE1,ILE1 SALA CUIDADOS INTERMEDIOS MATERNITAT,ICU,300003,MATERNITAT
ILE2,SALA INTERMITJOS MATER ILE2,ICU,300003,MATERNITAT
INPO,INPO SALA CUIDADOS INTENSIVOS OBSTETRICIA MATERNITAT,ICU,300003,MATERNITAT
NEL2,NEL2 SALA G NIDOS OBSTETRICIA MATERNITAT,SPEC,300003,MATERNITAT
NEL3,NEL3 SALA G NIDOS OBSTETRICIA MATERNITAT,SPEC,300003,MATERNITAT
NNPO,NNPO SALA CUIDADOS INTENSIVOS NIDOS OBSTETRICIA MATERNITAT,SPEC,300003,MATERNITAT
CPT3,CPT3 SALA C PLATÓ PL.3,SHORT,300002,PLATÓ
EHP40,EHP40 SALA E UGA - PLATÓ,ICU,300002,PLATÓ
EPT0,EPT0 CUIDADOS INTENSIVOS PLATÓ PL.0,ICU,300002,PLATÓ
GPT1,GPT1 SALA G PLATÓ PL.1,WARD,300002,PLATÓ
GPT2,GPT2 SALA G PLATÓ PL.2,WARD,300002,PLATÓ
GPT2A,GPT2A SALA G PLATÓ PL.2A,WARD,300002,PLATÓ
GPT2B,GPT2B SALA G PLATÓ PL.2B,WARD,300002,PLATÓ
GPT3,GPT3 SALA G PLATÓ PL.3,WARD,300002,PLATÓ
GPT4,GPT4 SALA G PLATÓ PL.4,WARD,300002,PLATÓ
GPT5,GPT5 SALA G PLATÓ PL.5,WARD,300002,PLATÓ
GPT6,GPT6 SALA G PLATÓ PL.6,WARD,300002,PLATÓ
HAH1,HAH1 HOSPITALIZACIÓN DOMICILIARIA 1,HAH,300002,PLATÓ
HAH2,HAH2 HOSPITALIZACIÓN DOMICILIARIA 2,HAH,300002,PLATÓ
HAHP,HAHP SALA HOSPITALIZACIÓN DOMICILIARIA PLATÓ,HAH,300002,PLATÓ
HP02,HP02 PLATÓ,WARD,300002,PLATÓ
HP03,HP03 PLATÓ,WARD,300002,PLATÓ
HP04,HP04 PLATÓ,WARD,300002,PLATÓ
HPAC,HPAC ALTA COMPLEJIDAD PLATÓ,EM,300002,PLATÓ
HPFT,HPFT FAST TRACK PLATÓ,EM,300002,PLATÓ
RP11,RP11 REANIMACIÓ POST.CMA,SPEC,300002,PLATÓ
RP31,RP31 REANIMACIÓ POSTOPERATÃ’RIA,SPEC,300002,PLATÓ
UPLAC,UPLAC SALA G ALTA COMPLEJIDAD,EM,300002,PLATÓ
UPLFT,UPLFT SALA G FAST TRACK,EM,300002,PLATÓ
,CCEE PSICOLOGIA CLINICA,PEND. CLAS,-1,Sin definir
-1,P.D.,PEND. CLAS,-1,Sin definir
004AL,ALTRES,PEND. CLAS,-1,Sin definir
004MF,MED.FAMILIA,PEND. CLAS,-1,Sin definir
004OF,HIGIENISTES BCL,PEND. CLAS,-1,Sin definir
132AL,ALTRES,PEND. CLAS,-1,Sin definir
132EN,OFTALMOLOGIA,PEND. CLAS,-1,Sin definir
132MF,MED.FAMILIA,PEND. CLAS,-1,Sin definir
132OF,ENDOCRINOLOGIA,PEND. CLAS,-1,Sin definir
132OR,OFTALMOLOGIA,PEND. CLAS,-1,Sin definir
132RM,OTORRINOLARINGOLOGIA,PEND. CLAS,-1,Sin definir
132TR,REUMATOLOGIA,PEND. CLAS,-1,Sin definir
132UR,TRAUMATOLOGIA,PEND. CLAS,-1,Sin definir
208AL,ALTRES,PEND. CLAS,-1,Sin definir
208MF,MED.FAMILIA,PEND. CLAS,-1,Sin definir
415AL,ALTRES,PEND. CLAS,-1,Sin definir
417AL,ALTRES,PEND. CLAS,-1,Sin definir
444AL,UROLOGIA,PEND. CLAS,-1,Sin definir
444DG,ALTRES,PEND. CLAS,-1,Sin definir
444MF,MED.FAMILIA,PEND. CLAS,-1,Sin definir
444RM,DIGESTIU,PEND. CLAS,-1,Sin definir
444UR,REUMATOLOGIA,PEND. CLAS,-1,Sin definir
445AL,UROLOGIA,PEND. CLAS,-1,Sin definir
445DE,ALTRES,PEND. CLAS,-1,Sin definir
445MF,MED.FAMILIA,PEND. CLAS,-1,Sin definir
445NR,DERMATOLOGIA,PEND. CLAS,-1,Sin definir
445UR,NEUROLOGIA,PEND. CLAS,-1,Sin definir
447AL,ALTRES,PEND. CLAS,-1,Sin definir
447DG,UROLOGIA,PEND. CLAS,-1,Sin definir
447EN,DIGESTIU,PEND. CLAS,-1,Sin definir
447MF,MED.FAMILIA,PEND. CLAS,-1,Sin definir
447NM,P.D.,PEND. CLAS,-1,Sin definir
447RM,ENDOCRINOLOGIA,PEND. CLAS,-1,Sin definir
447TR,REUMATOLOGIA,PEND. CLAS,-1,Sin definir
447UR,TRAUMATOLOGIA,PEND. CLAS,-1,Sin definir
460AL,ALTRES,PEND. CLAS,-1,Sin definir
460MF,MED.FAMILIA,PEND. CLAS,-1,Sin definir
460NR,P.D.,PEND. CLAS,-1,Sin definir
461AL,P.D.,PEND. CLAS,-1,Sin definir
461MF,MED.FAMILIA,PEND. CLAS,-1,Sin definir
461NR,UROLOGIA,PEND. CLAS,-1,Sin definir
461OR,NEUROLOGIA,PEND. CLAS,-1,Sin definir
461RM,OTORRINOLARINGOLOGIA,PEND. CLAS,-1,Sin definir
461UR,REUMATOLOGIA,PEND. CLAS,-1,Sin definir
462AL,ALTRES,PEND. CLAS,-1,Sin definir
462MF,MED.FAMILIA,PEND. CLAS,-1,Sin definir
468AL,ALTRES,PEND. CLAS,-1,Sin definir
468EN,ENDOCRINOLOGIA,PEND. CLAS,-1,Sin definir
468MF,MED.FAMILIA,PEND. CLAS,-1,Sin definir
468NM,PNUMOLOGIA,PEND. CLAS,-1,Sin definir
468RM,REUMATOLOGIA,PEND. CLAS,-1,Sin definir
468UR,UROLOGIA,PEND. CLAS,-1,Sin definir
469AL,UROLOGIA,PEND. CLAS,-1,Sin definir
469MF,MED.FAMILIA,PEND. CLAS,-1,Sin definir
469NR,ALTRES,PEND. CLAS,-1,Sin definir
469RM,NEUROLOGIA,PEND. CLAS,-1,Sin definir
469UR,REUMATOLOGIA,PEND. CLAS,-1,Sin definir
470AL,ALTRES,PEND. CLAS,-1,Sin definir
470EN,UROLOGIA,PEND. CLAS,-1,Sin definir
470MF,MED.FAMILIA,PEND. CLAS,-1,Sin definir
470OF,ENDOCRINOLOGIA,PEND. CLAS,-1,Sin definir
470OR,P.D.,PEND. CLAS,-1,Sin definir
470RM,OFTALMOLOGIA,PEND. CLAS,-1,Sin definir
470TR,REUMATOLOGIA,PEND. CLAS,-1,Sin definir
471AL,ALTRES,PEND. CLAS,-1,Sin definir
471EN,TRAUMATOLOGIA,PEND. CLAS,-1,Sin definir
471MF,MED.FAMILIA,PEND. CLAS,-1,Sin definir
471OF,ENDOCRINOLOGIA,PEND. CLAS,-1,Sin definir
471OR,OFTALMOLOGIA,PEND. CLAS,-1,Sin definir
471RM,OTORRINOLARINGOLOGIA,PEND. CLAS,-1,Sin definir
471TR,REUMATOLOGIA,PEND. CLAS,-1,Sin definir
471UR,TRAUMATOLOGIA,PEND. CLAS,-1,Sin definir
473AL,ALTRES,PEND. CLAS,-1,Sin definir
473DE,DERMATOLOGIA,PEND. CLAS,-1,Sin definir
473DG,UROLOGIA,PEND. CLAS,-1,Sin definir
473EN,DIGESTIU,PEND. CLAS,-1,Sin definir
473MF,MED.FAMILIA,PEND. CLAS,-1,Sin definir
473RM,ENDOCRINOLOGIA,PEND. CLAS,-1,Sin definir
473TR,REUMATOLOGIA,PEND. CLAS,-1,Sin definir
474AL,ALTRES,PEND. CLAS,-1,Sin definir
474DE,TRAUMATOLOGIA,PEND. CLAS,-1,Sin definir
474EN,DERMATOLOGIA,PEND. CLAS,-1,Sin definir
474MF,MED.FAMILIA,PEND. CLAS,-1,Sin definir
474OF,ENDOCRINOLOGIA,PEND. CLAS,-1,Sin definir
474OR,OFTALMOLOGIA,PEND. CLAS,-1,Sin definir
474RM,OTORRINOLARINGOLOGIA,PEND. CLAS,-1,Sin definir
474UR,REUMATOLOGIA,PEND. CLAS,-1,Sin definir
475AL,UROLOGIA,PEND. CLAS,-1,Sin definir
475EN,ALTRES,PEND. CLAS,-1,Sin definir
475MF,MED.FAMILIA,PEND. CLAS,-1,Sin definir
475OF,ENDOCRINOLOGIA,PEND. CLAS,-1,Sin definir
475OR,P.D.,PEND. CLAS,-1,Sin definir
475RM,OFTALMOLOGIA,PEND. CLAS,-1,Sin definir
475UR,REUMATOLOGIA,PEND. CLAS,-1,Sin definir
477AL,ALTRES,PEND. CLAS,-1,Sin definir
477MF,MED.FAMILIA,PEND. CLAS,-1,Sin definir
478AL,ALTRES,PEND. CLAS,-1,Sin definir
478MF,MED.FAMILIA,PEND. CLAS,-1,Sin definir
478NR,P.D.,PEND. CLAS,-1,Sin definir
479AL,ALTRES,PEND. CLAS,-1,Sin definir
479MF,MED.FAMILIA,PEND. CLAS,-1,Sin definir
480AL,ALTRES,PEND. CLAS,-1,Sin definir
480MF,MED.FAMILIA,PEND. CLAS,-1,Sin definir
523AL,ALTRES,PEND. CLAS,-1,Sin definir
523CA,CARDIOLOGIA,PEND. CLAS,-1,Sin definir
523DE,DERMATOLOGIA,PEND. CLAS,-1,Sin definir
523DG,DIGESTIU,PEND. CLAS,-1,Sin definir
523EN,ENDOCRINOLOGIA,PEND. CLAS,-1,Sin definir
523MF,MED.FAMILIA,PEND. CLAS,-1,Sin definir
523NM,PNUMOLOGIA,PEND. CLAS,-1,Sin definir
523NR,NEUROLOGIA,PEND. CLAS,-1,Sin definir
523OF,Attó Primària Esp. CIRURGIA,PEND. CLAS,-1,Sin definir
523OR,OFTALMOLOGIA,PEND. CLAS,-1,Sin definir
523RM,REUMATOLOGIA,PEND. CLAS,-1,Sin definir
523TR,OTORRINOLARINGOLOGIA,PEND. CLAS,-1,Sin definir
523UR,UROLOGIA,PEND. CLAS,-1,Sin definir
528AL,TRAUMATOLOGIA,PEND. CLAS,-1,Sin definir
528MF,ALTRES,PEND. CLAS,-1,Sin definir
528OF,OFTALMOLOGIA,PEND. CLAS,-1,Sin definir
528OR,MED.FAMILIA,PEND. CLAS,-1,Sin definir
528RM,OTORRINOLARINGOLOGIA,PEND. CLAS,-1,Sin definir
528TR,REUMATOLOGIA,PEND. CLAS,-1,Sin definir
703AL,ALTRES,PEND. CLAS,-1,Sin definir
703MF,MED.FAMILIA,PEND. CLAS,-1,Sin definir
826AL,ALTRES,PEND. CLAS,-1,Sin definir
ABSAT,TRAUMATOLOGIA,PEND. CLAS,-1,Sin definir
AFER,AFERESI TERAPÉUTICA,PEND. CLAS,-1,Sin definir
AGONC,ASSESSOR. GENÉTIC ONCOLÃ’GIC,PEND. CLAS,-1,Sin definir
ANCLD,ANE. ClÃ­nica del Dolor,PEND. CLAS,-1,Sin definir
ANE,PENDIENTE,PEND. CLAS,-1,Sin definir
ANECE,C. EXT. ANEST.,PEND. CLAS,-1,Sin definir
ANECP,CONS.PLATO ANESTESIOLOGIA,PEND. CLAS,-1,Sin definir
ANECR,ANE. Seccién CrÃ­ticos,PEND. CLAS,-1,Sin definir
ANECT,ANE. Seccién CardiotorÃ¡cica,PEND. CLAS,-1,Sin definir
ANEDG,ANE. Seccién Dig/Derma/ICMHO,PEND. CLAS,-1,Sin definir
ANEDI,ANEST DIAG IMATGE,PEND. CLAS,-1,Sin definir
ANEHD,ABSORCIÓ ATÓMICA,PEND. CLAS,-1,Sin definir
ANEIN,INTERCONSULTES ANESTESIA,PEND. CLAS,-1,Sin definir
ANEIQ,P.D.,PEND. CLAS,-1,Sin definir
ANEOT,ANE. Seccién ICEMEQ,PEND. CLAS,-1,Sin definir
ANEPA,PEND. CLAS,PEND. CLAS,-1,Sin definir
ANEUG,ANE. Seccién IGON-ICNU,PEND. CLAS,-1,Sin definir
ANICN,ANE. Seccién Neuroc/CDI/ICOF,PEND. CLAS,-1,Sin definir
ANMCX,ANESTESIOLOGIA MATERNITAT CEX,PEND. CLAS,-1,Sin definir
APTG,ANATOMIA PATOLÃ’GICA,PEND. CLAS,-1,Sin definir
ATVI,ATENCIO AL VIATGER,PEND. CLAS,-1,Sin definir
B-047,SG BCL 047,PEND. CLAS,-1,Sin definir
B-ANE,PENDIENTE,PEND. CLAS,-1,Sin definir
B-ANX,P.D.,PEND. CLAS,-1,Sin definir
B-ATV,ATENCIO AL VIATGER BCL,PEND. CLAS,-1,Sin definir
B-CAX,CONS. EXT. CARDIOLOGIA BCL,PEND. CLAS,-1,Sin definir
B-CGI,PENDIENTE,PEND. CLAS,-1,Sin definir
B-CGX,CONS. EXT.CIR. GASTROINT. BCL,PEND. CLAS,-1,Sin definir
B-CIP,PENDIENTE,PEND. CLAS,-1,Sin definir
B-CLD,CLÍNICA DEL DOLOR BCL,PEND. CLAS,-1,Sin definir
B-CMF,P.D.,PEND. CLAS,-1,Sin definir
B-CMO,CMA OFTALMOLOGÍA BCL,PEND. CLAS,-1,Sin definir
B-CMP,CMA ClÃ­nica del Dolor BCL,PEND. CLAS,-1,Sin definir
B-COT,PENDIENTE,PEND. CLAS,-1,Sin definir
B-COX,CONS.EXT CIR ORT I TRAUM BCL,PEND. CLAS,-1,Sin definir
B-CPX,C.EXT.CIR.PLAST.I MAXIL.BCL,PEND. CLAS,-1,Sin definir
B-CSX,P.D.,PEND. CLAS,-1,Sin definir
B-CTX,CONS. EXT. CIR TOR BCL,PEND. CLAS,-1,Sin definir
B-CVX,CONS. EXT. CIR CARDIOVASC. BCL,PEND. CLAS,-1,Sin definir
B-DEX,CONS.EXT.DERMATOLOGIA BCL,PEND. CLAS,-1,Sin definir
B-DIX,CONS. EXT. DIETETICA BCL,PEND. CLAS,-1,Sin definir
B-ENM,P.D.,PEND. CLAS,-1,Sin definir
B-ENX,CONS.EXT. ENDOCRINOLOGIA BCL,PEND. CLAS,-1,Sin definir
B-FIX,CEX FIV BCL,PEND. CLAS,-1,Sin definir
B-GAS,PENDIENTE,PEND. CLAS,-1,Sin definir
B-GAX,CONSULT EXT. GASTROENTER. BCL,PEND. CLAS,-1,Sin definir
B-GIX,CONS. EXT. GINECOLOGIA BCL,PEND. CLAS,-1,Sin definir
B-HBP,PENDIENTE,PEND. CLAS,-1,Sin definir
B-HBX,CONS. EXT. CIR. HBP BCL,PEND. CLAS,-1,Sin definir
B-HEX,CONS. EXT. HEPATOLOGIA BCL,PEND. CLAS,-1,Sin definir
B-HMX,CONS. EXT. HEMATOLOGIA BCL,PEND. CLAS,-1,Sin definir
B-HO,BCL UT HOSPITALIZACIÓN B047,PEND. CLAS,-1,Sin definir
B-INX,CONS.EXT. MALALT. INFECC. BCL,PEND. CLAS,-1,Sin definir
B-MAX,CONS.EXT. MAL. AUTOIM. BCL,PEND. CLAS,-1,Sin definir
B-MDX,CONSULTES EXT.MED. INTER. BCL,PEND. CLAS,-1,Sin definir
B-NCX,CONS.EXT. NEUROCIRURGIA BCL,PEND. CLAS,-1,Sin definir
B-NFX,CONS. EXT. NEFROLOGIA BCL,PEND. CLAS,-1,Sin definir
B-NMX,CONS. EXT. PNEUMOLOGIA BCL,PEND. CLAS,-1,Sin definir
B-NRC,PENDIENTE,PEND. CLAS,-1,Sin definir
B-NRX,CONS. EXT. NEUROLOGIA BCL,PEND. CLAS,-1,Sin definir
B-OBX,P.D.,PEND. CLAS,-1,Sin definir
B-ODX,CONSULTES ODONTOLOGIA,PEND. CLAS,-1,Sin definir
B-OFX,CONS. EXT. OFTALMOLOGIA BCL,PEND. CLAS,-1,Sin definir
B-ONX,CONSULTES EXT. ONCOL.MED.BCL,PEND. CLAS,-1,Sin definir
B-ORX,CONSULTES EXT. OTORRIN. BCL,PEND. CLAS,-1,Sin definir
B-PSX,CONS. EXT. PSIQUIATRIA BCL,PEND. CLAS,-1,Sin definir
B-RDX,P.D.,PEND. CLAS,-1,Sin definir
B-REX,P.D.,PEND. CLAS,-1,Sin definir
B-RMT,PENDIENTE,PEND. CLAS,-1,Sin definir
B-RMX,CONSULTES EXT. REUMATOL. BCL,PEND. CLAS,-1,Sin definir
B-UMF,UNITAT MEDICINA FETAL BCL,PEND. CLAS,-1,Sin definir
B-URX,CONS. EXT. UROLOGIA BCL,PEND. CLAS,-1,Sin definir
B083,PENDIENTE,PEND. CLAS,-1,Sin definir
BAMNX,AT. DONA. NOUNAT BCL,PEND. CLAS,-1,Sin definir
BANEX,C. EXT. ANEST. BCL,PEND. CLAS,-1,Sin definir
BATVI,N.D.,PEND. CLAS,-1,Sin definir
BCAR,PENDIENTE,PEND. CLAS,-1,Sin definir
BCARS,CARDIOLOGIA SPORTIVA BCL,PEND. CLAS,-1,Sin definir
BCARX,CONS. EXT. CARDIOLOGIA BCL,PEND. CLAS,-1,Sin definir
BCCV,PENDIENTE,PEND. CLAS,-1,Sin definir
BCCVX,CONS. EXT. CIR CARDIOVASC. BCL,PEND. CLAS,-1,Sin definir
BCGDX,N.D.,PEND. CLAS,-1,Sin definir
BCGI,PENDIENTE,PEND. CLAS,-1,Sin definir
BCGIX,CONS. EXT.CIR. GASTROINT. BCL,PEND. CLAS,-1,Sin definir
BCIP,PENDIENTE,PEND. CLAS,-1,Sin definir
BCIPX,C.EXT.CIR.PLAST.I MAXIL.BCL,PEND. CLAS,-1,Sin definir
BCL,PENDIENTE,PEND. CLAS,-1,Sin definir
BCLCE,PENDIENTE,PEND. CLAS,-1,Sin definir
BCLD,CLÍNICA DEL DOLOR BCL,PEND. CLAS,-1,Sin definir
BCLIG,ATENCIO AL VIATGER  BCL,PEND. CLAS,-1,Sin definir
BCMFI,N.D,PEND. CLAS,-1,Sin definir
BCMOF,CMA OFTALMOLOGIA BCL,PEND. CLAS,-1,Sin definir
BCMPL,CMA ClÃ­nica del Dolor BCL,PEND. CLAS,-1,Sin definir
BCOT,PENDIENTE,PEND. CLAS,-1,Sin definir
BCOTX,CONS.EXT CIR ORT I TRAUM BCL,PEND. CLAS,-1,Sin definir
BCTRX,CONS. EXT. CIR TOR BCL,PEND. CLAS,-1,Sin definir
BCVSX,P.D.,PEND. CLAS,-1,Sin definir
BDERX,CONS.EXT.DERMATOLOGIA BCL,PEND. CLAS,-1,Sin definir
BDIT,PENDIENTE,PEND. CLAS,-1,Sin definir
BDITX,CONS. EXT. DIETETICA BCL,PEND. CLAS,-1,Sin definir
BENDM,ENDOSCOPIA DIGESTIVA BCL,PEND. CLAS,-1,Sin definir
BENDX,CONS.EXT. ENDOCRINOLOGIA BCL,PEND. CLAS,-1,Sin definir
BFIX,CEX FIV BCL,PEND. CLAS,-1,Sin definir
BGASX,CONSULT EXT. GASTROENTER. BCL,PEND. CLAS,-1,Sin definir
BGINX,CONS. EXT. GINECOLOGIA BCL,PEND. CLAS,-1,Sin definir
BHBP,PENDIENTE,PEND. CLAS,-1,Sin definir
BHBPX,CONS. EXT. CIR. HBP BCL,PEND. CLAS,-1,Sin definir
BHEM,PENDIENTE,PEND. CLAS,-1,Sin definir
BHEMX,CONS. EXT. HEMATOLOGIA BCL,PEND. CLAS,-1,Sin definir
BHEPX,CONS. EXT. HEPATOLOGIA BCL,PEND. CLAS,-1,Sin definir
BINFX,CONS.EXT. MALALT. INFECC. BCL,PEND. CLAS,-1,Sin definir
BIOM2,BIOLOGIA MOLECULAR 2,PEND. CLAS,-1,Sin definir
BIOM3,N.D,PEND. CLAS,-1,Sin definir
BIOM5,BIOLOGIA MOLECULAR 5,PEND. CLAS,-1,Sin definir
BIOMG,BIOLOGIA MOLECULAR GENERAL,PEND. CLAS,-1,Sin definir
BIOMO,HEMATOPATOL. (BIOLOGIA MOLEC.),PEND. CLAS,-1,Sin definir
BMAPT,P.D.,PEND. CLAS,-1,Sin definir
BMASX,CONS.EXT. MAL. AUTOIM. BCL,PEND. CLAS,-1,Sin definir
BMDI,PENDIENTE,PEND. CLAS,-1,Sin definir
BMDIX,CONSULTES EXT.MED. INTER. BCL,PEND. CLAS,-1,Sin definir
BMFET,UNITAT MEDICINA FETAL BCL,PEND. CLAS,-1,Sin definir
BMSEQ,P.D.,PEND. CLAS,-1,Sin definir
BNEF,PENDIENTE,PEND. CLAS,-1,Sin definir
BNEFX,CONS. EXT. NEFROLOGIA BCL,PEND. CLAS,-1,Sin definir
BNMOX,CONS. EXT. PNEUMOLOGIA BCL,PEND. CLAS,-1,Sin definir
BNRC,PENDIENTE,PEND. CLAS,-1,Sin definir
BNRCX,CONS.EXT. NEUROCIRURGIA BCL,PEND. CLAS,-1,Sin definir
BNRLX,CONS. EXT. NEUROLOGIA BCL,PEND. CLAS,-1,Sin definir
BOBSX,CONS. EXT. OBS BCL,PEND. CLAS,-1,Sin definir
BODH,BCL GENERAL,PEND. CLAS,-1,Sin definir
BODOX,CONSULTES ODONTOLOGIA,PEND. CLAS,-1,Sin definir
BOFTX,CONS. EXT. OFTALMOLOGIA BCL,PEND. CLAS,-1,Sin definir
BONC,PENDIENTE,PEND. CLAS,-1,Sin definir
BONCX,CONSULTES EXT. ONCOL.MED.BCL,PEND. CLAS,-1,Sin definir
BORLX,CONSULTES EXT. OTORRIN. BCL,PEND. CLAS,-1,Sin definir
BPPSX,CONS. EXT. PSICOLOGIA BCL,PEND. CLAS,-1,Sin definir
BPSIX,CONS. EXT. PSIQUIATRIA BCL,PEND. CLAS,-1,Sin definir
BPT3,PENDIENTE,PEND. CLAS,-1,Sin definir
BQOBM,P.D.,PEND. CLAS,-1,Sin definir
BQUIR,BLOCS QUIRÃ’FANS,PEND. CLAS,-1,Sin definir
BRDTX,P.D.,PEND. CLAS,-1,Sin definir
BREHX,P.D.,PEND. CLAS,-1,Sin definir
BRMT,PENDIENTE,PEND. CLAS,-1,Sin definir
BRMTX,CONSULTES EXT. REUMATOL. BCL,PEND. CLAS,-1,Sin definir
BURO,PENDIENTE,PEND. CLAS,-1,Sin definir
BUROX,CONS. EXT. UROLOGIA BCL,PEND. CLAS,-1,Sin definir
BVIRO,BIOLOGIA MOLECULAR VIROLOGIA,PEND. CLAS,-1,Sin definir
C026,PENDIENTE,PEND. CLAS,-1,Sin definir
CAECG,D016 PROVES DESFORÃ‡ I ECG,PEND. CLAS,-1,Sin definir
CAECO,D034 ECOCARDIOGRAFIAS,PEND. CLAS,-1,Sin definir
CAEEF,UNITAT DARRITMIES,PEND. CLAS,-1,Sin definir
CAEXP,Atté.Prim.SPE.Platé CARDIO.,PEND. CLAS,-1,Sin definir
CAEXT,Atté Primária SPE. CARDIOLOGIA,PEND. CLAS,-1,Sin definir
CAHEM,HEMODINAMICA CARDIACA,PEND. CLAS,-1,Sin definir
CAICP,CONS.PLATO INSUFICIENCIA CAR,PEND. CLAS,-1,Sin definir
CAISQ,CAR CardiopatÃ­a IsquÃ©mica,PEND. CLAS,-1,Sin definir
CAR,PENDIENTE,PEND. CLAS,-1,Sin definir
CARCE,XCB2 CONSULTES EXT CARDIOLOGIA,PEND. CLAS,-1,Sin definir
CARCP,CONS.PLATO CARDIOLOGIA,PEND. CLAS,-1,Sin definir
CARHD,H036 HOSP DE DIA CARDIOLOGIA,PEND. CLAS,-1,Sin definir
CARHP,HOSP.DIA PLATO CARDIOLOGIA,PEND. CLAS,-1,Sin definir
CARIC,InsuficiÃ¨ncia CardÃ­aca,PEND. CLAS,-1,Sin definir
CARIN,INTERCONSULTES CARDIOLOGIA,PEND. CLAS,-1,Sin definir
CAVAL,CAR Valvular,PEND. CLAS,-1,Sin definir
CBCCR,CRIBATGE CÁNCER COLORRECTAL,PEND. CLAS,-1,Sin definir
CCACE,XCB2 CONS. EXT. CIR CARDIACA,PEND. CLAS,-1,Sin definir
CCAIQ,P.D.,PEND. CLAS,-1,Sin definir
CCRIN,UROLOGIA,PEND. CLAS,-1,Sin definir
CCV,PENDIENTE,PEND. CLAS,-1,Sin definir
CCVAL,CCV Valvular,PEND. CLAS,-1,Sin definir
CCVCE,XCB2 CONS. EXT. CIR CARDIOV.,PEND. CLAS,-1,Sin definir
CCVCP,CONS.PLATO CIR.CARDIOVASC.,PEND. CLAS,-1,Sin definir
CCVDO,UNITAT DE DOPPLER VASCULAR,PEND. CLAS,-1,Sin definir
CCVHD,H036 CCV HD,PEND. CLAS,-1,Sin definir
CCVIN,INTERCONSULTES CIR.CARDIOVASC,PEND. CLAS,-1,Sin definir
CETBC,PENDIENTE,PEND. CLAS,-1,Sin definir
CETTR,PENDIENTE,PEND. CLAS,-1,Sin definir
CGCCE,INTERCONS. MAL. COLO-RECTAL,PEND. CLAS,-1,Sin definir
CGDCE,CONS. EXT.CIR GRAL I DIGESTIVA,PEND. CLAS,-1,Sin definir
CGDCP,PEND. CLAS,PEND. CLAS,-1,Sin definir
CGDIN,INTERCONS.CIR GRAL I DIGESTIVA,PEND. CLAS,-1,Sin definir
CGEXT,XRB1 CONSULTA EXT CITOGENÈTICA,PEND. CLAS,-1,Sin definir
CGI,PENDIENTE,PEND. CLAS,-1,Sin definir
CGICE,XCA3 CONS. EXT. CIR.GASTROINT.,PEND. CLAS,-1,Sin definir
CGICP,CONS.PLATO CIR.GASTROINTESTIN.,PEND. CLAS,-1,Sin definir
CGIIN,INTERCONS. CIR. GASTROINT.,PEND. CLAS,-1,Sin definir
CGIIQ,CIR.GASTROINT. INTERV.QUIRÚRG.,PEND. CLAS,-1,Sin definir
CGIMT,UNITAT DE MOTILITAT DIGESTIVA,PEND. CLAS,-1,Sin definir
CHTCE,LAB. URGÈNCIES - TOXICOLOGIA,PEND. CLAS,-1,Sin definir
CIP,PENDIENTE,PEND. CLAS,-1,Sin definir
CIPCE,CONS EXT.CIR.PLÁSTICA,PEND. CLAS,-1,Sin definir
CIPIN,INTERCONS.CIR.PLÁSTICA,PEND. CLAS,-1,Sin definir
CIRCE,CONSULTES EXTERNES CIRURGIA,PEND. CLAS,-1,Sin definir
CIRIN,INTERCONS.CIR. GENERAL,PEND. CLAS,-1,Sin definir
CLD,D021 CLÍNICA DEL DOLOR,PEND. CLAS,-1,Sin definir
CLDCE,C. EXT. CLINICA DEL DOLOR,PEND. CLAS,-1,Sin definir
CLDCP,CONS.PLATO CLÍNICA DOLOR,PEND. CLAS,-1,Sin definir
CLDHP,HOSP.DIA PLATO CLÍNICA DOLOR,PEND. CLAS,-1,Sin definir
CMCA,Sala CMA de CARDIOLOGIA i CCV,PEND. CLAS,-1,Sin definir
CMCIP,Sala CMA de CIP,PEND. CLAS,-1,Sin definir
CMCLD,Sala CMA CLD,PEND. CLAS,-1,Sin definir
CMCMF,Sala CMA de CIR.MAXILÂ·LOFACIAL,PEND. CLAS,-1,Sin definir
CMDER,Sala CMA de DERMATOLOGIA,PEND. CLAS,-1,Sin definir
CMF,PENDIENTE,PEND. CLAS,-1,Sin definir
CMFCE,CONS. EXT. CIR.MAXILÂ·LOFACIAL,PEND. CLAS,-1,Sin definir
CMFCP,CONS.PLATO CIR.MAXILÂ·LOFACIAL,PEND. CLAS,-1,Sin definir
CMFIN,Interconsultes Cir.MaxilÂ·lofa.,PEND. CLAS,-1,Sin definir
CMFIQ,CIR.MAXILÂ·LO. QUIRÚRG.,PEND. CLAS,-1,Sin definir
CMGIN,Sala CMA Medicina Maternofetal,PEND. CLAS,-1,Sin definir
CMGRL,Sala CMA GENERAL,PEND. CLAS,-1,Sin definir
CMNEF,P.D.,PEND. CLAS,-1,Sin definir
CMOFT,Sala CMA de OFTALMOLOGIA PO2,PEND. CLAS,-1,Sin definir
CMORL,Sala CMA de OTORRINOLAR (08.3),PEND. CLAS,-1,Sin definir
CMPLT,Sala CMA Platé,PEND. CLAS,-1,Sin definir
CMPOD,Sala CMA de PODOLOGIA,PEND. CLAS,-1,Sin definir
CMRMT,Sala CMA de RMT,PEND. CLAS,-1,Sin definir
COBQE,XCB3 CONS.EXT.CIR. HEP. TRASP.,PEND. CLAS,-1,Sin definir
COBQG,BIOQUÍMICA ESPECIAL CORE,PEND. CLAS,-1,Sin definir
COBQI,BIOQUÍMICA GENERAL CORE,PEND. CLAS,-1,Sin definir
COBQM,BIOQUÍMICA INMUNOANALISIS CORE,PEND. CLAS,-1,Sin definir
COCAG,CORE BIOQUÍMICA HCM,PEND. CLAS,-1,Sin definir
COEXP,P.D.,PEND. CLAS,-1,Sin definir
COEXT,Atté Primária SPE. CIR.ORTOP.,PEND. CLAS,-1,Sin definir
COGCE,COAGULACIÓ  CORE,PEND. CLAS,-1,Sin definir
COHEM,CONSULTES EXT. CIR.ORT.GENOLL,PEND. CLAS,-1,Sin definir
COMCE,HEMATOLOGIA CORE,PEND. CLAS,-1,Sin definir
COMCI,CONSULTES EXT. CIR.ORT.MALUC,PEND. CLAS,-1,Sin definir
CONCE,CONSULTES EXTERNES CONFINATS,PEND. CLAS,-1,Sin definir
COT,PENDIENTE,PEND. CLAS,-1,Sin definir
COTCE,CONSULTES EXT CIR. ORTOPEDICA,PEND. CLAS,-1,Sin definir
COTCP,CONS.PLATO CIR. ORTOPÉDICA,PEND. CLAS,-1,Sin definir
COTIN,INTERCONS.CIR. ORTOPÉDICA,PEND. CLAS,-1,Sin definir
COTIQ,CIR.ORTOPEDICA INT. QUIRÚRG.,PEND. CLAS,-1,Sin definir
COTOX,MICROBIOL.INMUNOANAL.CORE,PEND. CLAS,-1,Sin definir
COVMI,MICRO COVID,PEND. CLAS,-1,Sin definir
CPT2,P.D.,PEND. CLAS,-1,Sin definir
CRIOP,CRIOPRESERVACIÓ,PEND. CLAS,-1,Sin definir
CROM3,TOXICOLOGIA CORE,PEND. CLAS,-1,Sin definir
CSMEE,CROMATOGRAFIA I MASSES 3,PEND. CLAS,-1,Sin definir
CSMIJ,C. ASS. PSIQ. INFANTIL PRIM.,PEND. CLAS,-1,Sin definir
CTACE,C. EXT. COORD. TRASPLANT.,PEND. CLAS,-1,Sin definir
CTR,PENDIENTE,PEND. CLAS,-1,Sin definir
CTRCE,CONSULTES EXTERNES CIR TOR,PEND. CLAS,-1,Sin definir
CTRIN,INTERCONSULTES CIR.TORÁCICA,PEND. CLAS,-1,Sin definir
CVA,CENTRE DE VACUNACIONS,PEND. CLAS,-1,Sin definir
CVACE,XCB2 CONS. EXT. CIR VASCULAR,PEND. CLAS,-1,Sin definir
CVAIQ,CIR.VASCULAR INTERV. QUIRURG,PEND. CLAS,-1,Sin definir
CVSCE,PEND. CLAS,PEND. CLAS,-1,Sin definir
CVSCP,CONS.PLATO ANGIOL. I VASCULAR,PEND. CLAS,-1,Sin definir
CVSDO,PEND. CLAS,PEND. CLAS,-1,Sin definir
CVSHD,P.D.,PEND. CLAS,-1,Sin definir
DALCE,UNITAT DADDICCIONS,PEND. CLAS,-1,Sin definir
DALIN,INTERCONSULTES ADDICCIONS,PEND. CLAS,-1,Sin definir
DCTEX,DCT EXTRACCIONS EXTERNES,PEND. CLAS,-1,Sin definir
DCTSE,DCT SALA DEXTRACCIONS,PEND. CLAS,-1,Sin definir
DEEXP,Atté.Prim.SPE.Platé DERMATO.,PEND. CLAS,-1,Sin definir
DEEXT,Atté Primária SPE. DERMATOLOGI,PEND. CLAS,-1,Sin definir
DENS,DENSITOMETRIES,PEND. CLAS,-1,Sin definir
DER,PENDIENTE,PEND. CLAS,-1,Sin definir
DERCE,CONSULTES EXT. DERMATOLOGIA,PEND. CLAS,-1,Sin definir
DERCP,CONS.PLATO DERMATOLOGIA,PEND. CLAS,-1,Sin definir
DERHD,H034 HOS DE DIA DERMATOLOGIA,PEND. CLAS,-1,Sin definir
DERHP,HOSP.DIA PLATO DERMATOLOGIA,PEND. CLAS,-1,Sin definir
DERIN,INTERCONSULTES DERMATOLOGIA,PEND. CLAS,-1,Sin definir
DERIQ,DERMATOLOGIA INTERV. QUIRÚRG.,PEND. CLAS,-1,Sin definir
DESFI,DESTI FINAL,PEND. CLAS,-1,Sin definir
DETIN,INTERCONSULTES PTI,PEND. CLAS,-1,Sin definir
DIALD,DIALISI DOMICILIARIA,PEND. CLAS,-1,Sin definir
DIALI,DIÁLISI,PEND. CLAS,-1,Sin definir
DIALV,DIÁLISI MANSO,PEND. CLAS,-1,Sin definir
DIFIN,INTERCONSULTES FERIDES,PEND. CLAS,-1,Sin definir
DIPFC,PROGRAMA FERIDES COMPLEXES,PEND. CLAS,-1,Sin definir
DIPTI,PTI DIRECCIÓ INFERMERA,PEND. CLAS,-1,Sin definir
DITCE,CONSULTES EXTERNES DIETETICA,PEND. CLAS,-1,Sin definir
DITIN,INTERCONSULTES DIETÉTICA,PEND. CLAS,-1,Sin definir
DLCT,DE LA CASA U. TRACTAMENT,PEND. CLAS,-1,Sin definir
DMCE,CONSULTA EXT. ATENCIÓ INTEGR.,PEND. CLAS,-1,Sin definir
DSMCE,Aten. integrada Cext PSI,PEND. CLAS,-1,Sin definir
DSMIJ,Aten. integrada Cext Inf.Juv.,PEND. CLAS,-1,Sin definir
E1415,PENDIENTE,PEND. CLAS,-1,Sin definir
E1417,PENDIENTE,PEND. CLAS,-1,Sin definir
EAIAG,Eq. Av. Int. Amb. en GERIATRÍA,PEND. CLAS,-1,Sin definir
ECIDE,E.ClÃ­nic Invest. Domi. EIX.,PEND. CLAS,-1,Sin definir
ECS,ECOGRAFIES,PEND. CLAS,-1,Sin definir
END,PENDIENTE,PEND. CLAS,-1,Sin definir
ENDCP,CONS.PLATO ENDOCRINOLOGIA,PEND. CLAS,-1,Sin definir
ENDEC,H077ECOGRAFIES ENDOCRINOLOGIA,PEND. CLAS,-1,Sin definir
ENDHD,H077HOSP DE DIA ENDOCRINOLOGIA,PEND. CLAS,-1,Sin definir
ENDIN,INTERCONSULTES ENDOCRINO,PEND. CLAS,-1,Sin definir
ENDMF,"D032 ENDOSCOPIA,MOTIL. I P.FUN",PEND. CLAS,-1,Sin definir
ENEXP,Atté.Prim.SPE.Platé ENDOCRIN.,PEND. CLAS,-1,Sin definir
ENEXT,Atté Primária SPE. ENDOCRINOL,PEND. CLAS,-1,Sin definir
ENFHD,H034 INFERMERIA HOSP DIA ICMID,PEND. CLAS,-1,Sin definir
EP004,PENDIENTE,PEND. CLAS,-1,Sin definir
EP445,PENDIENTE,PEND. CLAS,-1,Sin definir
EP470,PENDIENTE,PEND. CLAS,-1,Sin definir
EP474,PENDIENTE,PEND. CLAS,-1,Sin definir
EPHOS,EPIDEMIOLOGÍA HOSPITALÁRIA,PEND. CLAS,-1,Sin definir
ERM,PENDIENTE,PEND. CLAS,-1,Sin definir
ESTCE,CENTRE ASSIST. PSIQU. PRIM.,PEND. CLAS,-1,Sin definir
ESTIN,CONSULTES EXT. ESTOMATOLOGIA,PEND. CLAS,-1,Sin definir
EXTEX,UN. EXTRACCIONS EXTERNES,PEND. CLAS,-1,Sin definir
EXTLB,EXTRACCIONS CDB,PEND. CLAS,-1,Sin definir
FAMB,FARMÁCIA AMBULATÃ’RIA,PEND. CLAS,-1,Sin definir
FIS,PENDIENTE,PEND. CLAS,-1,Sin definir
G125,,PEND. CLAS,-1,Sin definir
GAEXP,Atté.Prim.SPE.Platé GASTRO.,PEND. CLAS,-1,Sin definir
GAEXT,Atté Primária SPE. GASTR.,PEND. CLAS,-1,Sin definir
GAS,PENDIENTE,PEND. CLAS,-1,Sin definir
GASCE,XCA3 CONSULT EXT. GASTROENTER.,PEND. CLAS,-1,Sin definir
GASCP,CONS.PLATO GASTROENTEROLOGIA,PEND. CLAS,-1,Sin definir
GASHD,INTERCONSULTES ESTOMATOL.,PEND. CLAS,-1,Sin definir
GASHP,HOSP.DIA PLATO GASTROENTEROL.,PEND. CLAS,-1,Sin definir
GASIN,INTERCONSULTES GASTROENT.,PEND. CLAS,-1,Sin definir
GATCE,CONSULTES EXT ACCID. TRÁNSIT,PEND. CLAS,-1,Sin definir
GATCP,CONS.PLATO GEST.ACCID. TRÁNSIT,PEND. CLAS,-1,Sin definir
GEP1,S G DE OBST. MATER. GEP1,PEND. CLAS,-1,Sin definir
GERCE,PEND. CLAS,PEND. CLAS,-1,Sin definir
GERCP,P.D.,PEND. CLAS,-1,Sin definir
GHCCE,XRB1 CONSULTA EXTERNA GENÉTICA,PEND. CLAS,-1,Sin definir
GIECO,ECOGRAFIAS DE GINECOLOGIA,PEND. CLAS,-1,Sin definir
GIEXT,HOSP DIA GAS,PEND. CLAS,-1,Sin definir
GIFIR,FECUNDACIÓ IN VITRO NO SCS,PEND. CLAS,-1,Sin definir
GIFIS,FECUNDACIÓ IN VITRO SCS,PEND. CLAS,-1,Sin definir
GIMCX,Attó Primària Esp. GINECOLOGÍA,PEND. CLAS,-1,Sin definir
GIMEM,CONS. EXT. GIN. MATER.,PEND. CLAS,-1,Sin definir
GIN,PENDIENTE,PEND. CLAS,-1,Sin definir
GINCE,CONSULTES EXTERNES GINECOLOGIA,PEND. CLAS,-1,Sin definir
GININ,INTERCONSULTES GINECOLOGIA,PEND. CLAS,-1,Sin definir
GINMU,P.D.,PEND. CLAS,-1,Sin definir
GITEC,PROVES DIAGNÃ’STIQUES DE GINE,PEND. CLAS,-1,Sin definir
GONCE,UNITAT GINE ONCOLÃ’GICA,PEND. CLAS,-1,Sin definir
H-APT,ANAT PATOL. HCP,PEND. CLAS,-1,Sin definir
H-CEC,D034 ECOCARDIO,PEND. CLAS,-1,Sin definir
H-CHE,HEMODINAMICA CARD,PEND. CLAS,-1,Sin definir
H-CLD,P.D.,PEND. CLAS,-1,Sin definir
H-DEN,DENSITOMETRIES,PEND. CLAS,-1,Sin definir
H-ECG,D016 PROV DESFORÃ‡ I ECG,PEND. CLAS,-1,Sin definir
H-ECS,ECOGRAFIES,PEND. CLAS,-1,Sin definir
H-EEF,UNITAT ARRITMIES,PEND. CLAS,-1,Sin definir
H-EEG,EEG-POT.EVOC.-PROVES DE SON,PEND. CLAS,-1,Sin definir
H-EMF,"D032 ENDOSCOPIA,MOTIL. I P.FUN",PEND. CLAS,-1,Sin definir
H-EMG,UNITAT DELECTROMIOGRAFIA,PEND. CLAS,-1,Sin definir
H-FUN,D04B FUN NMO,PEND. CLAS,-1,Sin definir
H-HEH,D073 HEMODINAMICA HEPATICA,PEND. CLAS,-1,Sin definir
H-HO,BCL HOSP. HCP UT,PEND. CLAS,-1,Sin definir
H-INI,P.D.,PEND. CLAS,-1,Sin definir
H-LAB,P.D.,PEND. CLAS,-1,Sin definir
H-LMN,LAB. MED. NUCLEAR,PEND. CLAS,-1,Sin definir
H-LUR,P.D.,PEND. CLAS,-1,Sin definir
H-MMF,MORFOL. I EXPLOR. FUNCIONAL,PEND. CLAS,-1,Sin definir
H-MMG,R05A MAMOGRAFIES,PEND. CLAS,-1,Sin definir
H-NFI,Inter. Nefrologia,PEND. CLAS,-1,Sin definir
H-NME,D04B END RSPEIR,PEND. CLAS,-1,Sin definir
H-PET,TOMOGR EMISIÓN POSITRONES,PEND. CLAS,-1,Sin definir
H-RAC,RADIOLOGIA CONVENCIONAL,PEND. CLAS,-1,Sin definir
H-RDN,P.D.,PEND. CLAS,-1,Sin definir
H-RDU,RAD. DURG. /PORTÁTILS,PEND. CLAS,-1,Sin definir
H-RMN,RESO. MAGNÉTICA,PEND. CLAS,-1,Sin definir
H-SCA,SCANNER,PEND. CLAS,-1,Sin definir
H-URE,D121 ENDOSCOPIA UROLOGICA,PEND. CLAS,-1,Sin definir
H-VAS,ANGIORADIOLOGIA,PEND. CLAS,-1,Sin definir
HBP,PENDIENTE,PEND. CLAS,-1,Sin definir
HBPCE,CONS. EXT. HEPATOBILIOPANCRE.,PEND. CLAS,-1,Sin definir
HBPCP,CONS.PLATO HEPATOBILIOPANCRE.,PEND. CLAS,-1,Sin definir
HBPIN,INTERCONS.HEPATOBILIOPACTREAT.,PEND. CLAS,-1,Sin definir
HCCEX,HHCC CD EXTERNS,PEND. CLAS,-1,Sin definir
HCCHP,HHCC MIGRACIÓ PLATÓ,PEND. CLAS,-1,Sin definir
HDM,PENDIENTE,PEND. CLAS,-1,Sin definir
HDMCE,Aten. integrada Consultes Ext,PEND. CLAS,-1,Sin definir
HDMHD,Aten. integr. Hospital de dia,PEND. CLAS,-1,Sin definir
HDMIN,INTERCONSULTAS HDM,PEND. CLAS,-1,Sin definir
HDOM,HDOM SALA HOSP. DOMICILIARIA,PEND. CLAS,-1,Sin definir
HDOM1,HOSP.DOMICILIARIA 1,PEND. CLAS,-1,Sin definir
HDOM2,HOSP.DOMICILIARIA 2,PEND. CLAS,-1,Sin definir
HDOM3,HOSP.DOMICILIARIA 3,PEND. CLAS,-1,Sin definir
HDOM4,HOSP.DOMICILIARIA 4,PEND. CLAS,-1,Sin definir
HDOM5,HOSP.DOMICILIARIA 5,PEND. CLAS,-1,Sin definir
HDOM6,PENDIENTE,PEND. CLAS,-1,Sin definir
HDOMP,HDOM SALA HOSP. DOMI. PLATÓ,PEND. CLAS,-1,Sin definir
HEHEM,D073 HEMODINAMICA HEPATICA,PEND. CLAS,-1,Sin definir
HEM,PENDIENTE,PEND. CLAS,-1,Sin definir
HEMAC,U.ATENCIÓ CONTINUADA HEMATOLOG,PEND. CLAS,-1,Sin definir
HEMCE,CONSULTES EXTERNES HEMATOLOGIA,PEND. CLAS,-1,Sin definir
HEMDO,HOSP DE DIA ANESTESIA,PEND. CLAS,-1,Sin definir
HEMHD,H063 HOSP DE DIA DHEMATOLOG,PEND. CLAS,-1,Sin definir
HEMHP,P.D.,PEND. CLAS,-1,Sin definir
HEMIN,INTERCONSULTES HEMATOLOGIA,PEND. CLAS,-1,Sin definir
HEP,PENDIENTE,PEND. CLAS,-1,Sin definir
HEPCE,XCB3 CONS EXTERNES HEPATOLOGIA,PEND. CLAS,-1,Sin definir
HEPEL,HOSPITALITZ. DOM. D HEMATOL.,PEND. CLAS,-1,Sin definir
HEPHD,H093 HOSP DIA HEPATOLOGIA,PEND. CLAS,-1,Sin definir
HEPIN,INTERCONSULTES HEPATOLOGIA,PEND. CLAS,-1,Sin definir
HEPMA,CONS. EXT. HEPATOLOGÍA MATER,PEND. CLAS,-1,Sin definir
HMS,PENDIENTE,PEND. CLAS,-1,Sin definir
HMTCE,XRB1 CONSULTA EXT HEMOSTASIA,PEND. CLAS,-1,Sin definir
HMTER,Hemocromatosi i poliglobulies,PEND. CLAS,-1,Sin definir
HMTES,XCB3 ELASTOGRAFÍA HEPÀTICA,PEND. CLAS,-1,Sin definir
HMTHD,HOSP DE DIA HEMOSTASIA,PEND. CLAS,-1,Sin definir
HMTIN,INTERCONSULTES HEMOT. I HEMOST,PEND. CLAS,-1,Sin definir
HOR1,HEMOSTÀSIA ( ESPECIAL),PEND. CLAS,-1,Sin definir
HOR2,HORMONES 1,PEND. CLAS,-1,Sin definir
HOR3,HORMONES 2,PEND. CLAS,-1,Sin definir
HOUAD,U. ATENCIO DOMICILIÁRIA ICMHO,PEND. CLAS,-1,Sin definir
HP1AC,N.D.,PEND. CLAS,-1,Sin definir
HP1FT,N.D.,PEND. CLAS,-1,Sin definir
HP4,PENDIENTE,PEND. CLAS,-1,Sin definir
HPA1,ADMISSIONS PLT,PEND. CLAS,-1,Sin definir
HPEXT,Atté Primária SPE. HEPATOLOGIA,PEND. CLAS,-1,Sin definir
I024,I024 UNIT. TRASPL. I HEM. INT,PEND. CLAS,-1,Sin definir
I062,PEND. CLAS,PEND. CLAS,-1,Sin definir
IBCBC,P.D.,PEND. CLAS,-1,Sin definir
IBCLA,N.D,PEND. CLAS,-1,Sin definir
IHB,PENDIENTE,PEND. CLAS,-1,Sin definir
IMDHD,H077HOSP DE DIA ICMDiM,PEND. CLAS,-1,Sin definir
IMMCE,P.D.,PEND. CLAS,-1,Sin definir
IMTER,PEND. CLAS,PEND. CLAS,-1,Sin definir
INF,PENDIENTE,PEND. CLAS,-1,Sin definir
INFCE,CONSULTES EXT. MALALT. INFECC.,PEND. CLAS,-1,Sin definir
INFHD,H021 HOSP DIA MALALT. INFECC.,PEND. CLAS,-1,Sin definir
INFIN,INTERCONS. MAL. INFECCIOSES,PEND. CLAS,-1,Sin definir
INHDO,HORMONES 3,PEND. CLAS,-1,Sin definir
IPT0,PENDIENTE,PEND. CLAS,-1,Sin definir
IQ_PILOT,ÁREA QUIRÚRGICA (PILOT),PEND. CLAS,-1,Sin definir
IUNCE,HOSPITALITZ. DOM. MAL. INFECC.,PEND. CLAS,-1,Sin definir
IUNIH,INTHERUNIT HEMATOLOGÍA,PEND. CLAS,-1,Sin definir
IUNIO,INTHERUNIT ONCOLOGÍA,PEND. CLAS,-1,Sin definir
IUNIT,INTHERUNIT CONSULTA EXTERNA,PEND. CLAS,-1,Sin definir
LABC,UNITAT LAB. CENTRAL CLÍNIC,PEND. CLAS,-1,Sin definir
LABMT,UNITAT LAB. CENTRAL MATER,PEND. CLAS,-1,Sin definir
LINM,INTHERUNIT,PEND. CLAS,-1,Sin definir
LMCB,LABORATORI DE IMMUNOLOGIA,PEND. CLAS,-1,Sin definir
LMN,LAB. MED. NUCLEAR,PEND. CLAS,-1,Sin definir
LURBQ,L115 LABORAT DE MICROBIOLOGIA,PEND. CLAS,-1,Sin definir
LURCG,LAB. URGÈNCIES - BIOQUÍMICA,PEND. CLAS,-1,Sin definir
LURGL,UNITAT LAB. DURGÉNCIES,PEND. CLAS,-1,Sin definir
LURHM,LAB. URGÈNCIES - COAGULACION,PEND. CLAS,-1,Sin definir
LURTX,LAB. URGÈNCIES - HEMATOLOGIA,PEND. CLAS,-1,Sin definir
M120,MORGUE ESCALA 12 PLANTA 0,PEND. CLAS,-1,Sin definir
MANSO,DIÁLISI MANSO,PEND. CLAS,-1,Sin definir
MAS,PENDIENTE,PEND. CLAS,-1,Sin definir
MASCE,CONSULTES EXT. MAL. AUTOIM.,PEND. CLAS,-1,Sin definir
MASHD,H034 HOSP DIA AUTOIMM,PEND. CLAS,-1,Sin definir
MASIN,INTERCONS. MAL. AUTOIMMUNES,PEND. CLAS,-1,Sin definir
MCVIR,P.D.,PEND. CLAS,-1,Sin definir
MDBPS,BIOPSIES MED.INTERNA,PEND. CLAS,-1,Sin definir
MDI,PENDIENTE,PEND. CLAS,-1,Sin definir
MDICE,CONSULTES EXT.MED. INTER.,PEND. CLAS,-1,Sin definir
MDICP,CONS.PLATO MEDICINA INTERNA,PEND. CLAS,-1,Sin definir
MDIHD,H034 HOSP DIA MED. INTERNA,PEND. CLAS,-1,Sin definir
MDIHP,HOSP.DIA PLATO MED. INTERNA,PEND. CLAS,-1,Sin definir
MDIIN,INTERCONSULTES MED. INTERNA,PEND. CLAS,-1,Sin definir
MDMCE,P.D.,PEND. CLAS,-1,Sin definir
MDUDR,UNITAT DIAGNÃ’STIC RÁPID,PEND. CLAS,-1,Sin definir
META2,URODINAMIA UROLOGICA,PEND. CLAS,-1,Sin definir
META3,METABOLISME 2,PEND. CLAS,-1,Sin definir
MIO,PENDIENTE,PEND. CLAS,-1,Sin definir
MMG,R05A MAMOGRAFIES,PEND. CLAS,-1,Sin definir
MMGSC,SCREENING MAMA,PEND. CLAS,-1,Sin definir
MNC,PENDIENTE,PEND. CLAS,-1,Sin definir
MNCCE,C. EXT. MED. NUCLEAR,PEND. CLAS,-1,Sin definir
MNCIN,INTERCONSULTES MED. NUCLEAR,PEND. CLAS,-1,Sin definir
MNCMF,MORFOL. I EXPLOR. FUNCIONAL,PEND. CLAS,-1,Sin definir
MOTDG,Motilitat Digestiva,PEND. CLAS,-1,Sin definir
MPRIN,INTERC. MEDICINA PREVENTIVA,PEND. CLAS,-1,Sin definir
MSOT,PEND. CLAS,PEND. CLAS,-1,Sin definir
MTR,MEDICINA TROPICAL,PEND. CLAS,-1,Sin definir
MTRIN,INTERCONSULTES MED.TROPICAL,PEND. CLAS,-1,Sin definir
NAEXP,Atté.Prim.SPE.Platé AL.LÉRGIES,PEND. CLAS,-1,Sin definir
NAEXT,Attó Primària Esp.AL.LERGOLOG.,PEND. CLAS,-1,Sin definir
NALCE,METABOLISME 3,PEND. CLAS,-1,Sin definir
NALCP,CONS.PLATO AL.LÉRGIES,PEND. CLAS,-1,Sin definir
NALHP,HOSP.DIA PLATO AL.LÉRGIES,PEND. CLAS,-1,Sin definir
NALIN,CONSULTES EXT. AL.LERGOLOGIA,PEND. CLAS,-1,Sin definir
NCEXT,P.D.,PEND. CLAS,-1,Sin definir
NEEEF,INTERCONSULTES AL.LERGOLOGIA,PEND. CLAS,-1,Sin definir
NEF,PENDIENTE,PEND. CLAS,-1,Sin definir
NEFCA,XCC5 CONS EXT CARDIORENAL,PEND. CLAS,-1,Sin definir
NEFCE,XCC5 CONS EXT NEFROLOGIA,PEND. CLAS,-1,Sin definir
NEFCP,P.D.,PEND. CLAS,-1,Sin definir
NEFHD,HOSP DIA NEF,PEND. CLAS,-1,Sin definir
NEFIN,INTERCONSULTES NEFROLOGIA,PEND. CLAS,-1,Sin definir
NENDP,NEURODESENVOLUPAMENT NNT,PEND. CLAS,-1,Sin definir
NMALE,ALÂ·LÉRGIA RSPEIRATÃ’RIA NMO,PEND. CLAS,-1,Sin definir
NMEND,ENDOSCOPIA RSPEIRATORIA,PEND. CLAS,-1,Sin definir
NMEXP,Atté.Prim.SPE.Platé PNEUMOL.,PEND. CLAS,-1,Sin definir
NMEXT,Atté Primária SPE. PNEUMOLOGIA,PEND. CLAS,-1,Sin definir
NMFIS,H085 NEFRO ESTUDIO ELECTROFIS,PEND. CLAS,-1,Sin definir
NMFUN,D04B FUNCIONALISME PULMONAR,PEND. CLAS,-1,Sin definir
NMHEM,NMO HEMODINÁMICA PULMONAR,PEND. CLAS,-1,Sin definir
NMO,PENDIENTE,PEND. CLAS,-1,Sin definir
NMOCE,CCEE PNEUMOLOGIA_ALÂ·LERGOLOGIA,PEND. CLAS,-1,Sin definir
NMOCP,CONS.PLATO PNEUMOLOGIA,PEND. CLAS,-1,Sin definir
NMOHD,HOSP. DIA PNEUMOLOGIA D022,PEND. CLAS,-1,Sin definir
NMOHP,HOSP.DIA PLATO PNEUMOLOGIA,PEND. CLAS,-1,Sin definir
NMOIN,INTERCONSULTES PNEUMOLOGIA,PEND. CLAS,-1,Sin definir
NMSON,UNITAT DE LA SON PNEUMOLOGIA,PEND. CLAS,-1,Sin definir
NNT,PENDIENTE,PEND. CLAS,-1,Sin definir
NNTCE,CONS. EXT. NNT,PEND. CLAS,-1,Sin definir
NNTEC,UNITQT TÉCNIQUES NNT,PEND. CLAS,-1,Sin definir
NNTHD,HOSP.DE DIA A DOMICILI NNT,PEND. CLAS,-1,Sin definir
NNTIN,INTERCONSULTES NEONATOLOGIA,PEND. CLAS,-1,Sin definir
NRC,PENDIENTE,PEND. CLAS,-1,Sin definir
NRCCE,CONSULTES EXT. NEUROCIRURGIA,PEND. CLAS,-1,Sin definir
NRCIN,INTERCONSULTES NEUROCIRURGIA,PEND. CLAS,-1,Sin definir
NRCIQ,P.D.,PEND. CLAS,-1,Sin definir
NREEG,EEG-Pot.evoc.-Proves de Son,PEND. CLAS,-1,Sin definir
NREMG,UNITAT DELECTROMIOGRAFIA,PEND. CLAS,-1,Sin definir
NREXP,Atté.Prim.SPE.Platé NEUROLOGIA,PEND. CLAS,-1,Sin definir
NREXT,Atté Primária SPE. NEUROLOGIA,PEND. CLAS,-1,Sin definir
NRHSS,HOSPITAL DIA SOCIOS. NEUROL.,PEND. CLAS,-1,Sin definir
NRL,PENDIENTE,PEND. CLAS,-1,Sin definir
NRLCE,CONSULTES EXTERNES NEUROLOGIA,PEND. CLAS,-1,Sin definir
NRLCP,CONS.PLATO NEUROLOGIA,PEND. CLAS,-1,Sin definir
NRLHD,H064 HOSP DE DIA NEUROLOGIA,PEND. CLAS,-1,Sin definir
NRLHP,HOSP.DIA PLATO NEUROLOGIA,PEND. CLAS,-1,Sin definir
NRLIN,INTERCONSULTES NEUROLOGIA,PEND. CLAS,-1,Sin definir
NRPCV,UNITAT PATOL. CEREBRO-VASCULAR,PEND. CLAS,-1,Sin definir
NTCCE,CONS. EXT. CIR. NEONATAL,PEND. CLAS,-1,Sin definir
OBECO,ECOGRAF. OBST. I GIN.,PEND. CLAS,-1,Sin definir
OBEDM,FISIOTERÀPIA PNEUMOLOGIA,PEND. CLAS,-1,Sin definir
OBS,PENDIENTE,PEND. CLAS,-1,Sin definir
OBS6,OBSERVACIÓ 6Âª PLANTA DURG.,PEND. CLAS,-1,Sin definir
OBSCE,CONS. EXT. OBS,PEND. CLAS,-1,Sin definir
OBSIN,INTERCONSULTES MATERNOFETAL,PEND. CLAS,-1,Sin definir
OFEXP,Atté.Prim.SPE.Platé OFTALMOL.,PEND. CLAS,-1,Sin definir
OFEXT,Atté Primária SPE. OFTALMOLOGI,PEND. CLAS,-1,Sin definir
OFT,PENDIENTE,PEND. CLAS,-1,Sin definir
OFTCC,CONSULTES EXT. OFT CLINIC,PEND. CLAS,-1,Sin definir
OFTCE,CONSULTES EXT. OFTALMOLOGIA,PEND. CLAS,-1,Sin definir
OFTCM,CONSULTES EXT. OFT (HCM),PEND. CLAS,-1,Sin definir
OFTCP,CONS.PLATO OFTALMOLOGIA,PEND. CLAS,-1,Sin definir
OFTCV,CAMPO VISUAL,PEND. CLAS,-1,Sin definir
OFTFS,PATOLOGÍA URGÈNCIES,PEND. CLAS,-1,Sin definir
OFTHD,HOSP DIA OFTALM,PEND. CLAS,-1,Sin definir
OFTHP,HOSP.DIA PLATO OFTALMOLOGIA,PEND. CLAS,-1,Sin definir
OFTIN,INTERCONSULTES OFTALMOLOGIA,PEND. CLAS,-1,Sin definir
OFTIQ,OFTALMOLOGIA INTERV. QUIRÚRG.,PEND. CLAS,-1,Sin definir
OFTUR,URGÉNCIES OFTALMOLOGIA,PEND. CLAS,-1,Sin definir
ONC,PENDIENTE,PEND. CLAS,-1,Sin definir
ONCAC,U.ATENCIÓ CONTINUADA ONCOL.MED,PEND. CLAS,-1,Sin definir
ONCCE,CONSULTES EXT. ONCOLOGIA MED.,PEND. CLAS,-1,Sin definir
ONCCP,CONS.PLATO ONCOLOGIA MED.,PEND. CLAS,-1,Sin definir
ONCHD,H063 HOSP DIA DONCOL. MEDICA,PEND. CLAS,-1,Sin definir
ONCHP,HOSP.DIA PLATO ONCOLOGIA,PEND. CLAS,-1,Sin definir
ONCIN,INTERCONS. ONCOL. MÉDICA,PEND. CLAS,-1,Sin definir
ORCEA,CONSULTES ENDOSCOPICA AMB,PEND. CLAS,-1,Sin definir
OREXP,Atté.Prim.SPE.Platé OTORRINOL.,PEND. CLAS,-1,Sin definir
OREXT,Atté Primária SPE. ORL,PEND. CLAS,-1,Sin definir
ORL,PENDIENTE,PEND. CLAS,-1,Sin definir
ORLCE,CONSULTES EXT. OTORRIN.,PEND. CLAS,-1,Sin definir
ORLCP,CONS.PLATO OTORRINOLARING.,PEND. CLAS,-1,Sin definir
ORLHP,HOSP.DIA PLATO OTORRINOLARING.,PEND. CLAS,-1,Sin definir
ORLIN,INTERCONSULTES OTORRINO,PEND. CLAS,-1,Sin definir
ORLIQ,OTORRINO INTERV. QUIRÚRG.,PEND. CLAS,-1,Sin definir
OROCE,CONSULTES EXT. ORL ONCOLOGIC,PEND. CLAS,-1,Sin definir
OROIN,COEXT. OFT  (F.SARDA FARRIOL),PEND. CLAS,-1,Sin definir
PALCE,UNITAT DE PALÂ·LIATIUS ONC,PEND. CLAS,-1,Sin definir
PALIN,INTERCONS. ONC PALÂ·LIATIUS,PEND. CLAS,-1,Sin definir
PAOCE,PREST. ASIST. ORT. CCEE,PEND. CLAS,-1,Sin definir
PATMO,ANAT. PATOL. (PATOL. MOLEC.),PEND. CLAS,-1,Sin definir
PCCCP,INTERCONS. ORL ONCOLÒGIC,PEND. CLAS,-1,Sin definir
PET,Tomogr Emisién Positrones,PEND. CLAS,-1,Sin definir
PIEXT,Atté Primária SPE. PIJ,PEND. CLAS,-1,Sin definir
PIJ,PENDIENTE,PEND. CLAS,-1,Sin definir
PIJCE,PIJ CEX,PEND. CLAS,-1,Sin definir
PIJHD,HOSPITAL DE DIA PIJ,PEND. CLAS,-1,Sin definir
PIUCI,P.D.,PEND. CLAS,-1,Sin definir
PLT,PENDIENTE,PEND. CLAS,-1,Sin definir
PODCE,CONSULTES EXTERNES PODOLOGIA,PEND. CLAS,-1,Sin definir
PPCMU,P.PREV. CÁNCER MAMA U. TRAT.,PEND. CLAS,-1,Sin definir
PPSAV,SECCIÓ DAVAL. NEUROPSICOL.,PEND. CLAS,-1,Sin definir
PPSCE,CONS.PLATÓ ATENCIÓ PAC. CRÒNIC,PEND. CLAS,-1,Sin definir
PPSIN,INTERCONS PSICOLOGIA CLÍNICA,PEND. CLAS,-1,Sin definir
PSDCE,PSIQUIATRIA PERINATAL,PEND. CLAS,-1,Sin definir
PSDHD,HDIA PSIQUIATRIA PERINATAL,PEND. CLAS,-1,Sin definir
PSEXT,Atté Primária SPE. PSIQUIATRÍA,PEND. CLAS,-1,Sin definir
PSI,PENDIENTE,PEND. CLAS,-1,Sin definir
PSICE,CONSULTES EXTERNES PSIQUIATRIA,PEND. CLAS,-1,Sin definir
PSIHD,H096 HDIA PSIQUIATRIA I PSICOL,PEND. CLAS,-1,Sin definir
PSIIN,INTERCONSULTES PSI,PEND. CLAS,-1,Sin definir
PSSCE,PROGRAMA SALUT SEXUAL,PEND. CLAS,-1,Sin definir
PTERP,OBTENCIÓ DE PROD. TERAPÉUTICS,PEND. CLAS,-1,Sin definir
QUIR,PENDIENTE,PEND. CLAS,-1,Sin definir
R051,R051 REANIMACIÓ POSTOPERATÃ’RIA,PEND. CLAS,-1,Sin definir
R061,R061 REANIMACIÓ POSTOPERATÃ’RIA,PEND. CLAS,-1,Sin definir
R076,R076 REANIMACIÓ POSTOPERATÃ’RIA,PEND. CLAS,-1,Sin definir
R135,R135 REANIMACIÓ POSTOPERATÃ’RIA,PEND. CLAS,-1,Sin definir
RAD,RADIOLOGIA CONVENCIONAL,PEND. CLAS,-1,Sin definir
RADIM,RADIOLOGIA MATER,PEND. CLAS,-1,Sin definir
RADIN,INTERCONSULTES RADIOLOGIA,PEND. CLAS,-1,Sin definir
RADIO,PENDIENTE,PEND. CLAS,-1,Sin definir
RADUR,RAD. DURG. /PORTÁTILS,PEND. CLAS,-1,Sin definir
RBP11,P.D.,PEND. CLAS,-1,Sin definir
RBP3,P.D.,PEND. CLAS,-1,Sin definir
RBP31,P.D.,PEND. CLAS,-1,Sin definir
RDS,SALA TRATAM. ONCOL. RADIOT.,PEND. CLAS,-1,Sin definir
RDSGR,SALA TTO. ONC RAD. GRANOLLERS,PEND. CLAS,-1,Sin definir
RDT,PENDIENTE,PEND. CLAS,-1,Sin definir
RDTCE,CONSULTES EXT. ONCOL. RADIOT.,PEND. CLAS,-1,Sin definir
RDTCG,CCEE ONC RADIOT GRANOLLERS,PEND. CLAS,-1,Sin definir
RDTIN,INTERCONS. ONCOL. RADIOT.,PEND. CLAS,-1,Sin definir
REFUN,READAPTACIÓ FUNCIONAL,PEND. CLAS,-1,Sin definir
REHCE,CONSULTES EXT REHABILITACIO,PEND. CLAS,-1,Sin definir
REHCP,CONS.PLATO REHABILITACIÓ,PEND. CLAS,-1,Sin definir
REHIN,INTERCONSULTES REHABILITACIÓ,PEND. CLAS,-1,Sin definir
RMEXP,Atté.Prim.SPE.Platé REUMATOL.,PEND. CLAS,-1,Sin definir
RMEXT,Atté Primária SPE. REUMATOLOGI,PEND. CLAS,-1,Sin definir
RMN,RESO. MAGNÉTICA,PEND. CLAS,-1,Sin definir
RMOG,PENDIENTE,PEND. CLAS,-1,Sin definir
RMT,PENDIENTE,PEND. CLAS,-1,Sin definir
RMTCE,XRA2 CONS EXT. REUMATOLOGIA,PEND. CLAS,-1,Sin definir
RMTCP,CONS.PLATO REUMATOLOGIA,PEND. CLAS,-1,Sin definir
RMTDC,Dolor crónic,PEND. CLAS,-1,Sin definir
RMTHD,HOSPITAL DE DIA REUMATOLOGIA,PEND. CLAS,-1,Sin definir
RMTHP,HOSP.DIA PLATO REUMATOLOGIA,PEND. CLAS,-1,Sin definir
RMTIN,INTERCONSULTES REUMATOLOGIA,PEND. CLAS,-1,Sin definir
SALUT,SALUT LABORAL,PEND. CLAS,-1,Sin definir
SCA,SCANNER,PEND. CLAS,-1,Sin definir
SGEN,SALA GENERAL DE DIÁLISI,PEND. CLAS,-1,Sin definir
SINT,PENDIENTE,PEND. CLAS,-1,Sin definir
SLB,PENDIENTE,PEND. CLAS,-1,Sin definir
SLBCE,CCEE Consulta Salut Laboral,PEND. CLAS,-1,Sin definir
SP00,PENDIENTE,PEND. CLAS,-1,Sin definir
SPMOL,GINECOL. ECOS,PEND. CLAS,-1,Sin definir
TAO,SCREENING PRENATAL MOLECULAR,PEND. CLAS,-1,Sin definir
TOXCE,CONSULTES EXT.TOXICOLOGIA,PEND. CLAS,-1,Sin definir
TPFIN,INTERC.TUMORS PRIM.FETGE,PEND. CLAS,-1,Sin definir
TRA,PENDIENTE,PEND. CLAS,-1,Sin definir
TRACE,CONSULTES EXT. TRAUMATOLOGIA,PEND. CLAS,-1,Sin definir
TRACP,UNITAT DE T.A.O.,PEND. CLAS,-1,Sin definir
TRAIN,INTERCONS. TRAUMATOLOGIA,PEND. CLAS,-1,Sin definir
TREXT,Atté Primária SPE. TRAUMATOLOG,PEND. CLAS,-1,Sin definir
UCIR,PENDIENTE,PEND. CLAS,-1,Sin definir
UCOT,PENDIENTE,PEND. CLAS,-1,Sin definir
UDPCX,UNITAT DIAGNÃ’STIC PRENATAL,PEND. CLAS,-1,Sin definir
UDRCP,CONS.PLATO TRAUMATOLOGIA,PEND. CLAS,-1,Sin definir
UDT,PENDIENTE,PEND. CLAS,-1,Sin definir
UFAV,Unitat daccessos vasculars,PEND. CLAS,-1,Sin definir
UFIIN,DERIVACIÓ UFISS,PEND. CLAS,-1,Sin definir
UFINT,Interconsultes UFISS,PEND. CLAS,-1,Sin definir
UGIN,PENDIENTE,PEND. CLAS,-1,Sin definir
UGON,URGÉNCIES ICGON,PEND. CLAS,-1,Sin definir
UORL,PENDIENTE,PEND. CLAS,-1,Sin definir
UPSI,PENDIENTE,PEND. CLAS,-1,Sin definir
URDIN,CONS.PLATÓ UNITAT DIAGN.RÀPID,PEND. CLAS,-1,Sin definir
UREND,D101 Unitat Diag. Urológic,PEND. CLAS,-1,Sin definir
UREXP,Atté.Prim.SPE.Platé UROLOGIA,PEND. CLAS,-1,Sin definir
UREXT,Atté Primária SPE. UROLOGIA,PEND. CLAS,-1,Sin definir
URG,PENDIENTE,PEND. CLAS,-1,Sin definir
URM,PENDIENTE,PEND. CLAS,-1,Sin definir
URO,PENDIENTE,PEND. CLAS,-1,Sin definir
UROCE,XCC5 CONS EXT UROLOGIA,PEND. CLAS,-1,Sin definir
UROCP,CONS.PLATO UROLOGIA,PEND. CLAS,-1,Sin definir
UROHD,HOSPITAL DE DIA UROLOGIA,PEND. CLAS,-1,Sin definir
UROHP,HOSP.DIA PLATO UROLOGIA,PEND. CLAS,-1,Sin definir
UROIN,INTERCONSULTES UROLOGIA,PEND. CLAS,-1,Sin definir
UROIQ,UROLOGIA INTERV. QUIRÚRG.,PEND. CLAS,-1,Sin definir
UTH,PENDIENTE,PEND. CLAS,-1,Sin definir
UTHCE,XCB3 CONS.EXT.UNI. TRAS. HEP.,PEND. CLAS,-1,Sin definir
UTHIN,INTERCONS.UNIT.TRASP.HEPATIC,PEND. CLAS,-1,Sin definir
UTHMA,UTHMA CONS.EXT.U.TRAS. HEP.MAT,PEND. CLAS,-1,Sin definir
UTOX,PENDIENTE,PEND. CLAS,-1,Sin definir
UTR,PENDIENTE,PEND. CLAS,-1,Sin definir
UTRCE,XCC5 CONSULTES EXTERNES UTR,PEND. CLAS,-1,Sin definir
UTRHD,H125 HOSP DIA U TRASPL. RENAL,PEND. CLAS,-1,Sin definir
UTRIN,INTERCONSULTES UTR,PEND. CLAS,-1,Sin definir
UTRIQ,P.D.,PEND. CLAS,-1,Sin definir
VAS,ANGIORADIOLOGIA,PEND. CLAS,-1,Sin definir
VIRB,DIÁLISI VIRUS B,PEND. CLAS,-1,Sin definir
VSCIN,INTERCONS. VASCULAR,PEND. CLAS,-1,Sin definir
*,,WARD,300001,VILLARROEL
B047,URGENCIAS,EM,300001,VILLARROEL
BA130,BOX PAROS URGENCIAS,EM,300001,VILLARROEL
BPARO,BOX PAROS PUR0,EM,300001,VILLARROEL
C016,CAMAS SPEECIALES DE NEUROLOGÍA,SHORT,300001,VILLARROEL
C022,UNIDAD DEL SUEÃ‘O NEUMOLOGÍA,SHORT,300001,VILLARROEL
C033,C033 SALA C CAMAS DÍA 0,SHORT,300001,VILLARROEL
C045,C045 SALA C DE NEUROCIRUGÍA,SHORT,300001,VILLARROEL
C052,C052 SALA C DE GINECOLOGÍA,SHORT,300001,VILLARROEL
C064,C064 CAMAS SPEECIALES DE NEUROLOGÍA,SHORT,300001,VILLARROEL
C071,C071 SALA CIRUGÍA CORTA ESTANCIA,SHORT,300001,VILLARROEL
C074,C074 SALA CORTA ESTANCIA GASTROENTEROLOGÍA,SHORT,300001,VILLARROEL
C084,C084 UNIDAD DEL SUEÃ‘O NEUROLOGÍA,SHORT,300001,VILLARROEL
C085,C085 SALA CMA,SHORT,300001,VILLARROEL
C093,C093 SALA CORTA ESTANCIA HEPATOLOGÍA,SHORT,300001,VILLARROEL
C094,C094 SALA CORTA ESTANCIA HEPATOLOGÍA,SHORT,300001,VILLARROEL
C101,C101 SALA CMA UDU ,SHORT,300001,VILLARROEL
C105,C105 SALA CMA,SHORT,300001,VILLARROEL
C7B1,C7B1 SALA G ONCOLOGÍA RADIOTERÃPICA,SHORT,300001,VILLARROEL
E014,E014 SALA E MEDICINA INTERNA CUIDADOS INTENSIVOS AVI,ICU,300001,VILLARROEL
E015,E015 SALA E MEDICINA INTERNA CUIDADOS INTENSIVOS AVI,ICU,300001,VILLARROEL
E016,E016 SALA E CARDIOLOGÍA UNIDAD CORONARIA,ICU,300001,VILLARROEL
E023,E023 SALA SPEECIAL UVIR PNEUM,ICU,300001,VILLARROEL
E024,E024 UNIDAD TRASP. Y HEM. CUIDADOS INTENSIVOS,ICU,300001,VILLARROEL
E034,E034 SALA E CUIDADOS INTENSIVOS AVI,ICU,300001,VILLARROEL
E036,E036 SALA E CARDIOLOGÍA UNIDAD CORONARIA,ICU,300001,VILLARROEL
E037,E037 SALA E I037,ICU,300001,VILLARROEL
E041,E041 SALA E BLOQUE QUIRÚRGICO - COVID,ICU,300001,VILLARROEL
E043,E043 SALA E CUIDADOS INTERMEDIOS QUIRÚRGICOS,ICU,300001,VILLARROEL
E044,E044 SALA E AISLAMIENTO ESTRICTO,ICU,300001,VILLARROEL
E051,E051 SALA E CMA - COVID,ICU,300001,VILLARROEL
E057,E057 SALA E UVIR NEUMOLOGÍA,ICU,300001,VILLARROEL
E061,E061 SALA E BOX REANIMACIÓN,ICU,300001,VILLARROEL
E070,E070 SALA AISLAMIENTO,SPEC,300001,VILLARROEL
E071,E071 SALA E CUIDADOS INTERMEDIOS,ICU,300001,VILLARROEL
E072,E072 SALA E CUIDADOS INTENSIVOS,ICU,300001,VILLARROEL
E073,E073 SALA E CUIDADOS INTERMEDIOS,ICU,300001,VILLARROEL
E07B,E07B SALA AISLAMIENTO,ICU,300001,VILLARROEL
E103,E103 UCE POST-QUIRÚRGICA ICT,ICU,300001,VILLARROEL
E136,E136 UCI CORONARIA,ICU,300001,VILLARROEL
E6B1,E6B1 SALA URPA - COVID,ICU,300001,VILLARROEL
ENDCE,URGENCIAS ENDOCRINOLOGIA,EM,300001,VILLARROEL
EXTRC,SALA DEXTRACCIONS,SPEC,300001,VILLARROEL
G016,G016 SALA SPEONJAMIENTO ICT,WARD,300001,VILLARROEL
G022,G022 SALA G DE NEUMOLOGÍA,WARD,300001,VILLARROEL
G024,G024 SALA G DE HEMATOLOGÍA,WARD,300001,VILLARROEL
G026,G026 SALA G DE CARDIOLOGÍA,WARD,300001,VILLARROEL
G027,G027 SALA G B047,WARD,300001,VILLARROEL
G033,G033 SALA G DE CIR. CARDIOVASCULAR,WARD,300001,VILLARROEL
G037,G037 SALA G DE CIR. TORÃCICA,WARD,300001,VILLARROEL
G044,G044 SALA G DE ENF. INFECCIOSAS,WARD,300001,VILLARROEL
G045,G045 SALA G DE NEUROCIRUGÍA,WARD,300001,VILLARROEL
G052,G052 SALA G DERMATOLOGÍA TEMPORAL ,SPEC,300001,VILLARROEL
G053,G053 SALA G DE GINECOLOGÍA,WARD,300001,VILLARROEL
G054,G054 SALA G DE ENF. DE COLON Y RECTO,WARD,300001,VILLARROEL
G057,G057 SALA G CARDIOLOGÍA TEMPORAL,WARD,300001,VILLARROEL
G061,SALA G G061,WARD,300001,VILLARROEL
G062,G062 SALA G ICMHO,WARD,300001,VILLARROEL
G063,SALA G063,WARD,300001,VILLARROEL
G064,G064 SALA G DE NEUROLOGÍA,WARD,300001,VILLARROEL
G065,G065 SALA G DE ONCOLOGÍA Y HEMATOLOGÍA,WARD,300001,VILLARROEL
G070,G070 SALA AISLAMIENTO ENF. INFECCIOSAS,WARD,300001,VILLARROEL
G071,G071 SALA CIRUGÍA CORTA ESTANCIA,WARD,300001,VILLARROEL
G072,G072 SALA G DE HEPATOLOGÍA,WARD,300001,VILLARROEL
G074,G074 SALA G DE GASTROENTEROLOGÍA,WARD,300001,VILLARROEL
G083,G083 SALA G DE OTORRINOLARINGOLOGÍA,WARD,300001,VILLARROEL
G085,G085 SALA G. DE NEFROLOGÍA Y TRASP. RENAL,WARD,300001,VILLARROEL
G092,G092 SALA G DE MEDICINA INTERNA,WARD,300001,VILLARROEL
G093,G093 SALA G DE CIR. HEPÃTICA Y TRASP.,WARD,300001,VILLARROEL
G094,G094 SALA G DE CIR. GENERAL,WARD,300001,VILLARROEL
G096,SALA G096,WARD,300001,VILLARROEL
G097,G097 SALA G DE PSIQUIATRÍA,WARD,300001,VILLARROEL
G101,G101 SALA G NEUROLOGÍA TEMPORAL,WARD,300001,VILLARROEL
G102,G102 HOSPITALIZACIÓN,WARD,300001,VILLARROEL
G104,G104 SALA TRAUMATOLOGÍA,WARD,300001,VILLARROEL
G105,G105 SALA COVID,WARD,300001,VILLARROEL
G111,G111 SALA G DE MEDICINA INTERNA,WARD,300001,VILLARROEL
G113,G113 SALA G UEC,WARD,300001,VILLARROEL
G114,G114 SALA G URPI,WARD,300001,VILLARROEL
G122,G122 SALA G DE UROLOGÍA,WARD,300001,VILLARROEL
G123,G123 UNIDAD DE RODILLA,WARD,300001,VILLARROEL
G124,G124 HOSPITALIZACIÓN COT/CADERA,WARD,300001,VILLARROEL
G12A3,G12A3 SALA INGRESO DÍA 0,SPEC,300001,VILLARROEL
G4B4,G4B4 SALA G DE ENF. INFECCIOSAS,SHORT,300001,VILLARROEL
G5B2,G5B2 SALA CORTA ESTANCIA NEUROCIRUGÍA,SHORT,300001,VILLARROEL
G6B4,G6B4 SALA G DE NEUROLOGÍA CORTA ESTANCIA,SHORT,300001,VILLARROEL
G7B1,G7B1 SALA G ONCOLOGÍA RADIOTERÃPICA,SPEC,300001,VILLARROEL
G7C1,G7C1 SALA G ICMHO,SHORT,300001,VILLARROEL
G8B3,G8B3 SALA G ICMHO,WARD,300001,VILLARROEL
G8B5,G8B5 SALA G NEFROLOGÍA CORTA ESTANCIA,SHORT,300001,VILLARROEL
G9B3,G9B3 SALA G UCE DIGESTIVO,SHORT,300001,VILLARROEL
HEL2,HEL2 PLANTA 2 URGENCIAS HELIOS,EM,300001,VILLARROEL
I015,I015 SALA CUIDADOS INTERMEDIOS MDI,ICU,300001,VILLARROEL
I016,I016 SALA POST-CORONARIA,ICU,300001,VILLARROEL
I022,I022 SALA CURES INTER NEFRO,ICU,300001,VILLARROEL
I026,I026 SALA CUIDADOS INTERMEDIOS CARDIOLOGÍA G026,ICU,300001,VILLARROEL
I027,I027 SALA POST-UCI COVID,ICU,300001,VILLARROEL
I033,I033 SALA CUIDADOS INTERMEDIOS CCV,ICU,300001,VILLARROEL
I037,I037 CUIDADOS INTERMEDIOS COVID G037,ICU,300001,VILLARROEL
I043,I043 SALA I CUIDADOS INTERMEDIOS QUIRÚRGICOS,ICU,300001,VILLARROEL
I044,I044 SALA CUIDADOS INTERMEDIOS ENF. INFECCIOSAS,ICU,300001,VILLARROEL
I057,I057 SALA CUIDADOS INTERMEDIOS NMO,ICU,300001,VILLARROEL
I061,I061 CUIDADOS INTERMEDIOS URPA - COVID,ICU,300001,VILLARROEL
I064,I064 SALA CUIDADOS INTERMEDIOS NRL,ICU,300001,VILLARROEL
I071,I071 SALA CUIDADOS INTERMEDIOS ANE,ICU,300001,VILLARROEL
I072,I072 SALA CURES INTERM CHT,ICU,300001,VILLARROEL
I073,I073 SALA CUIDADOS INTERMEDIOS CHT,ICU,300001,VILLARROEL
I085,I085 SALA CUIDADOS INTERMEDIOS NEF Y TR,ICU,300001,VILLARROEL
I092,I092 SALA CUIDADOS INTERMEDIOS MDI G092,ICU,300001,VILLARROEL
I103,I103 SALA CUIDADOS INTERMEDIOS POST-QUIRÚRGICOS ICT,ICU,300001,VILLARROEL
I124,I124 SALA CUIDADOS INTERMEDIOS COVID,ICU,300001,VILLARROEL
I2B2,I2B2 SALA CUIDADOS INTERMEDIOS NEUMOLOGÍA,ICU,300001,VILLARROEL
PUR0,PUR0 PLANTA 2 URGENCIAS,EM,300001,VILLARROEL
PUR2,PUR2 PLANTA 2 URGENCIAS,EM,300001,VILLARROEL
PUR3,PUR3 PLANTA 3 URGENCIAS,EM,300001,VILLARROEL
PUR4,PUR4 PLANTA 4 URGENCIAS,EM,300001,VILLARROEL
PUR6,PUR6 PLANTA 6 URGENCIAS,EM,300001,VILLARROEL
T022,T022 SALA HOSPITAL DE DÍA/NOCHE NEUMOLOGÍA,WARD,300001,VILLARROEL
U022,U022 SALA G URGENCIAS HOSP.,EM,300001,VILLARROEL
U033,U033 SALA G URGENCIAS HOSP.,EM,300001,VILLARROEL
U037,U037 SALA G URGENCIAS HOSP.,EM,300001,VILLARROEL
U045,U045 SALA G URGENCIAS HOSP.,EM,300001,VILLARROEL
U052,U052 SALA G URGENCIAS HOSP.,EM,300001,VILLARROEL
U053,U053,EM,300001,VILLARROEL
U070,U070 SALA AISLAMIENTO URGENCIAS,EM,300001,VILLARROEL
U071,U071 SALA G URGENCIAS HOSP.,EM,300001,VILLARROEL
U085,U085 SALA G. NEFROLOGÍA Y TRASP. RENAL,EM,300001,VILLARROEL
U092,U092 SALA SPEONJAMIENTO URM,EM,300001,VILLARROEL
U094,U094 SALA G URGENCIAS HOSP.,EM,300001,VILLARROEL
U101,U101 SALA G URGENCIAS PIUC,EM,300001,VILLARROEL
U102,U102 SALA SPEONJAMIENTO URM,EM,300001,VILLARROEL
U104,U104 SALA TRAUMATOLOGÍA,EM,300001,VILLARROEL
U111,U111 AREA PREINGRESO URGENCIAS,EM,300001,VILLARROEL
U123,U123 ÃREA PREINGRESO URGENCIAS,EM,300001,VILLARROEL
U132,U132 SALA G URGENCIAS HOSP.,EM,300001,VILLARROEL
U133,U133 SALA G URGENCIAS HOSP.,EM,300001,VILLARROEL
U134,U134 SALA G URM,EM,300001,VILLARROEL
U135,U135 PLANTA 5 URGENCIAS,EM,300001,VILLARROEL
U136,U136 SALA G URGENCIAS HOSP.,EM,300001,VILLARROEL
U1B7,U1B7 SALA G URGENCIAS HOSP.,EM,300001,VILLARROEL
UHE2,UHE2 SALA G URGENCIAS HOSP.,EM,300001,VILLARROEL
ULL3,ULL3 SALA G PIUC HCM,EM,300001,VILLARROEL
